target_tps,sequence_number,asset_id,status,error_message,transaction_id,t1_proposal_sent_ms,t2_endorsement_received_ms,t3_submitted_to_orderer_ms,t4_committed_ms,endorsement_delay_ms,ordering_delay_ms,commit_delay_ms,total_latency_ms
50,17,bottleneck_50_17_1780391748112_455954,success,,e315cdd66229b034ce5a7cb04ebeaab16336c2a07b2a7289785f4278dd8989ff,1780391748112,1780391748237,1780391748343,1780391748594,125,106,251,482
50,10,bottleneck_50_10_1780391747973_280623,success,,6493e361fe2d5a189b59a135961bbe91883c9c34a5c9a054925a0bcf6304e3ff,1780391747973,1780391748241,1780391748324,1780391748594,268,83,270,621
50,3,bottleneck_50_3_1780391747832_254065,success,,a0da28bf5a4de72bb8373c5699efb285ab5391d61a00a445cd94579f3140c7a0,1780391747832,1780391748244,1780391748325,1780391748595,412,81,270,763
50,14,bottleneck_50_14_1780391748052_793233,success,,5644c9c4a128a4ed7bd57c681fa323644a0273c0f6f1510ddde40f4512c49884,1780391748052,1780391748224,1780391748326,1780391748595,172,102,269,543
50,16,bottleneck_50_16_1780391748092_893244,success,,73b781dd8666047196719c3201841d2ba95a17ea8a0874b19c8ca271e6dc8c5d,1780391748092,1780391748256,1780391748327,1780391748595,164,71,268,503
50,1,bottleneck_50_1_1780391747792_986854,success,,b7c7b07834dc280cb133f45d474c1a63ba4191fdb3e57ba37742a2a70600eb43,1780391747792,1780391748223,1780391748327,1780391748595,431,104,268,803
50,12,bottleneck_50_12_1780391748012_654831,success,,3b6aca68b0a4c73902b46ce4a2be4ca7209f33666e67d599bf77d7a494da0c0c,1780391748012,1780391748215,1780391748328,1780391748595,203,113,267,583
50,11,bottleneck_50_11_1780391747992_894968,success,,ad29da93d072d52e79048364efa922dedbc14a02308afa8ce5a444876c6b0776,1780391747992,1780391748211,1780391748329,1780391748595,219,118,266,603
50,22,bottleneck_50_22_1780391748212_215374,success,,d9c8e4ccc035346e9932bd5b2b865b97d817e6647dec929cdd0d38872375135f,1780391748212,1780391748252,1780391748330,1780391748595,40,78,265,383
50,23,bottleneck_50_23_1780391748232_875883,success,,198176b431f8f46485eac590bbb4c53699dc6520fbada594241d78e0c36851c8,1780391748232,1780391748259,1780391748322,1780391748595,27,63,273,363
50,15,bottleneck_50_15_1780391748072_737247,success,,66eaff17c0be6b9aa14951885d90eb21105f4266268e518336dec2710c3bb230,1780391748072,1780391748236,1780391748358,1780391748630,164,122,272,558
50,4,bottleneck_50_4_1780391747852_901110,success,,42ca27271ee05d26fa384557f5197514c328906cbe5d384470a52bc13252a8ff,1780391747852,1780391748220,1780391748344,1780391748630,368,124,286,778
50,26,bottleneck_50_26_1780391748292_964618,success,,3bb03e7f452e5329c6bae2e09b58abaeba944d3c34d1601925c348449acd713d,1780391748292,1780391748318,1780391748341,1780391748630,26,23,289,338
50,6,bottleneck_50_6_1780391747892_646747,success,,baed17c90a35f1e8431a62db115b28b214288bf8d5a03752f43d673a47537451,1780391747892,1780391748248,1780391748349,1780391748630,356,101,281,738
50,25,bottleneck_50_25_1780391748272_556753,success,,fff9a44d1c738acd72120a14597fcf07f3b3ddc6bc7d14521b96ba495960926b,1780391748272,1780391748284,1780391748345,1780391748630,12,61,285,358
50,5,bottleneck_50_5_1780391747873_719322,success,,6ca7d726921c5700762c45b1875e7118944b571708443594aaadf4727b9dc5e4,1780391747873,1780391748243,1780391748347,1780391748630,370,104,283,757
50,21,bottleneck_50_21_1780391748192_21428,success,,d894c1b69cd4c39ce3cdc65f542570ff8d2be1af7d4f79a94c04d6041266d43d,1780391748192,1780391748247,1780391748346,1780391748630,55,99,284,438
50,0,bottleneck_50_0_1780391747771_361034,success,,b9f432e06a1555225dc7dd4004b2fc88863891b8bf81f3963b3427618042918e,1780391747771,1780391748240,1780391748350,1780391748630,469,110,280,859
50,24,bottleneck_50_24_1780391748253_721590,success,,f5812f9c582efa816b211475c3b86010d47ff47fce245ace8bcb061daaae02a3,1780391748253,1780391748274,1780391748352,1780391748630,21,78,278,377
50,2,bottleneck_50_2_1780391747812_821287,success,,66cf8cd22561ad14c347f5aa8268f15a93a7ccca60ff770ca07fef8481eeeba5,1780391747812,1780391748213,1780391748353,1780391748630,401,140,277,818
50,7,bottleneck_50_7_1780391747912_414954,success,,09d04653e9b816f1fab6b51de9ba948fcde1d72531454b70b4ce2f5c2c84db02,1780391747912,1780391748219,1780391748364,1780391748662,307,145,298,750
50,19,bottleneck_50_19_1780391748152_277319,success,,b15d517ca1be1cf16b7f1577bf7e7d0cae26ca508ba248833d9ffbc4a803e811,1780391748152,1780391748246,1780391748362,1780391748662,94,116,300,510
50,13,bottleneck_50_13_1780391748032_675991,success,,bf47ed0f137a803db76c5aa96aac15e465abe92039fe9d1932c0dac91d8d7305,1780391748032,1780391748253,1780391748369,1780391748662,221,116,293,630
50,8,bottleneck_50_8_1780391747932_134479,success,,df31f91b0f0b3d3e1c24c518d8e86c7ebc4d73fc9950a3031d2130cdfc7f907f,1780391747932,1780391748251,1780391748374,1780391748662,319,123,288,730
50,20,bottleneck_50_20_1780391748173_735030,success,,fa6baa10de3fbcc293347cf179fc1f7a924b6c767ff453336560403a0b94b4f7,1780391748173,1780391748218,1780391748371,1780391748662,45,153,291,489
50,27,bottleneck_50_27_1780391748312_667273,success,,bf62c85ca0209ea80921f4b3d5fe56a7420ce5ee52852d36ef14fe4a748fe8b9,1780391748312,1780391748340,1780391748377,1780391748664,28,37,287,352
50,18,bottleneck_50_18_1780391748132_431710,success,,01320252c5f98b952a1cd213e58f64171f45646eeed42a549f5f45ed055691a5,1780391748132,1780391748250,1780391748376,1780391748665,118,126,289,533
50,32,bottleneck_50_32_1780391748412_123783,success,,b106b799cb47637a80073f2d9928b20a96f3dc43807ecde1eb82c0c64818ca10,1780391748412,1780391748432,1780391748461,1780391748665,20,29,204,253
50,9,bottleneck_50_9_1780391747952_895639,success,,483180cacc293e1b0ffa80b70003f4672b9997e6bc98ea94202e1d997155e993,1780391747952,1780391748245,1780391748367,1780391748665,293,122,298,713
50,29,bottleneck_50_29_1780391748355_137241,success,,3b2ab4f76acb4b23cd32dbf6f1b628ef2fea0900a00fcce497cc30b9df82954a,1780391748355,1780391748401,1780391748489,1780391748665,46,88,176,310
50,39,bottleneck_50_39_1780391748552_271578,success,,5c9dc1d1c757eb07882afa5b561f3c7eb54432b806065e9fbfbb253dddcb4713,1780391748552,1780391748603,1780391748611,1780391748707,51,8,96,155
50,30,bottleneck_50_30_1780391748378_468222,success,,b012c0f5ebc0c6b54d2bc0fe419624d93ecd95044165c3a66dde9258efca1f00,1780391748378,1780391748411,1780391748488,1780391748707,33,77,219,329
50,28,bottleneck_50_28_1780391748332_335806,success,,09ae49281743f7ea455e7b12ab27dc92d414738611e05f0be294ae5d95d41d8d,1780391748332,1780391748360,1780391748486,1780391748707,28,126,221,375
50,31,bottleneck_50_31_1780391748393_209485,success,,cca92fec02e63774173e4f9d57aa8b49e93dfe691b21f6ae05c22a4971a5ca88,1780391748393,1780391748423,1780391748490,1780391748707,30,67,217,314
50,33,bottleneck_50_33_1780391748433_11113,success,,01a6196c2966a0cad471c0e304f49aa5e60766a2d14157bd8750f6aaec909007,1780391748433,1780391748483,1780391748514,1780391748707,50,31,193,274
50,34,bottleneck_50_34_1780391748452_839497,success,,1174f64d00a0122c5763138aa4b24f45b3c74fc3353176a1b85c543ad4b75925,1780391748452,1780391748491,1780391748524,1780391748708,39,33,184,256
50,35,bottleneck_50_35_1780391748472_110975,success,,d5677ac960b82e56e93aca3dfff0f07c09fa68b8a1004df5d32283fcf22f43e4,1780391748472,1780391748511,1780391748530,1780391748708,39,19,178,236
50,36,bottleneck_50_36_1780391748492_510850,success,,6f768d286e6b8ac8529b669c5acf0ab1fe9fac061bc1b117a4dcbc4c9a4dbd65,1780391748492,1780391748549,1780391748555,1780391748708,57,6,153,216
50,38,bottleneck_50_38_1780391748532_82037,success,,05f183e3a1aac683046ccbc882c7aed3a60cbfc82400cc034327ad8a4f176b1d,1780391748532,1780391748550,1780391748556,1780391748708,18,6,152,176
50,37,bottleneck_50_37_1780391748512_75478,success,,90ed10a58d0d81c86bdc629d6bbc410133b970d9bf64ed3667b470d4eb02cb87,1780391748512,1780391748552,1780391748557,1780391748708,40,5,151,196
50,49,bottleneck_50_49_1780391748753_795764,success,,fb79e8b3f5e5df08654a4f9ab94911ef53438af0ba32fa777ff57958512a4cae,1780391748753,1780391748761,1780391748764,1780391748798,8,3,34,45
50,45,bottleneck_50_45_1780391748672_461136,success,,68386f5e64b8e27f8d0ebb958ebb0586152be5c5db5828cff444491f94550fbb,1780391748672,1780391748683,1780391748687,1780391748798,11,4,111,126
50,41,bottleneck_50_41_1780391748592_198508,success,,38eb6d00af00a679bce16f408b79a96abbbb3b013f4f0cbc25c6ef2e1f5ad7b0,1780391748592,1780391748610,1780391748617,1780391748798,18,7,181,206
50,40,bottleneck_50_40_1780391748572_339654,success,,150bb374af019fd52c4ef1037f6c7b73b3e4fa8bc6c5a3ca045c29df4bf1c274,1780391748572,1780391748608,1780391748618,1780391748798,36,10,180,226
50,42,bottleneck_50_42_1780391748611_995130,success,,d5cb124f70295976bb958130410b3835adec705925ce65d9f3c3c78b8eb449d5,1780391748611,1780391748646,1780391748650,1780391748798,35,4,148,187
50,44,bottleneck_50_44_1780391748653_528705,success,,ecf4e5119d158bbe282c9d43317217c21a8f509258fdee1d85b1adfacdff01fe,1780391748653,1780391748686,1780391748689,1780391748798,33,3,109,145
50,43,bottleneck_50_43_1780391748632_279957,success,,a7f70007d89add5eda5a70631fd1a03e4c5500cb31b0d0f0663f1577a9598a21,1780391748632,1780391748649,1780391748652,1780391748798,17,3,146,166
50,47,bottleneck_50_47_1780391748712_148957,success,,bb26e6406f28a11e7529214b03c813a6298efb5910444aa9a3eeb4f221104eb5,1780391748712,1780391748728,1780391748731,1780391748798,16,3,67,86
50,46,bottleneck_50_46_1780391748693_773573,success,,656280dc093fcd9b9bba378ff1b46ce90c4e37bf4ff628088a5f242a922bfdeb,1780391748693,1780391748729,1780391748733,1780391748798,36,4,65,105
50,48,bottleneck_50_48_1780391748732_190882,success,,7e27f186fd14fefdc522eca1bb1eb3008a00c78b418478f07acb18c5d4d767d1,1780391748732,1780391748740,1780391748743,1780391748798,8,3,55,66
50,59,bottleneck_50_59_1780391748953_816468,success,,b35b58e404c80927212884d372ca50d6d1dc9337f25b3da9891cc664c855f251,1780391748953,1780391748962,1780391748964,1780391749100,9,2,136,147
50,50,bottleneck_50_50_1780391748772_311008,success,,34c68110a9df2c9b1208362ec72b0d835551acc3aadd0eaa49be34d876f605b9,1780391748772,1780391748783,1780391748786,1780391749100,11,3,314,328
50,51,bottleneck_50_51_1780391748792_151,success,,0bb7d94e651fd69e12eb86c95e884f1b53e2e18b7ed8ea0f9262a8124b787f36,1780391748792,1780391748809,1780391748813,1780391749101,17,4,288,309
50,52,bottleneck_50_52_1780391748812_202764,success,,96432161a7815ec91a8eb5fd502d7bdce0ac4dd59bda09dd0f757279b78e21f7,1780391748812,1780391748819,1780391748823,1780391749101,7,4,278,289
50,53,bottleneck_50_53_1780391748832_673529,success,,c56c239d9932d1521a28431e04ecd1bea95ee40a17ef89be16eb90a04c2c8a1c,1780391748832,1780391748839,1780391748841,1780391749101,7,2,260,269
50,54,bottleneck_50_54_1780391748852_563435,success,,5a289410a16a0fbae7d0132ab8d7840f57a1de116ee2c3f940143f7148294417,1780391748852,1780391748860,1780391748862,1780391749101,8,2,239,249
50,55,bottleneck_50_55_1780391748872_703184,success,,936c6d87acd57f2a323f95ffaff4a9e48760901e844294887f55cdea27219ebb,1780391748872,1780391748879,1780391748882,1780391749101,7,3,219,229
50,56,bottleneck_50_56_1780391748892_116455,success,,d2ebb67e12b8e453cad321c6cc346361a3383059d6b547bb5b49c68c43f1d6ba,1780391748892,1780391748901,1780391748905,1780391749101,9,4,196,209
50,57,bottleneck_50_57_1780391748912_169944,success,,e38c09bdbe38d00942fe357df0172db1362870779adbc83cda3406d5fe37e6a7,1780391748912,1780391748920,1780391748924,1780391749101,8,4,177,189
50,58,bottleneck_50_58_1780391748932_41731,success,,6934640417f514f2e9736f1ac69e5653c6e63d6de7a313df2c0c90d18d279610,1780391748932,1780391748939,1780391748941,1780391749101,7,2,160,169
50,69,bottleneck_50_69_1780391749153_621388,success,,f8c0543aa8f640d2cffd486883fc1fe1d3cb9b4be2cc14be563cf1d8a3c477f9,1780391749153,1780391749168,1780391749174,1780391749404,15,6,230,251
50,60,bottleneck_50_60_1780391748972_12799,success,,e223cf8b32ae7467568f24c7eacbe06859f0a1bf151a509c5673d7e2beb7e297,1780391748972,1780391748984,1780391748992,1780391749404,12,8,412,432
50,65,bottleneck_50_65_1780391749072_692258,success,,e962ce5cb2af314e85e77fb63f102827ccddf81b47368b773fcb23a55e0eaf12,1780391749072,1780391749119,1780391749128,1780391749405,47,9,277,333
50,61,bottleneck_50_61_1780391748993_408127,success,,917a2707aad3e69a4203bd54cddc4508ef47e0e91d9c89c2ba2ccafb194944b8,1780391748993,1780391749136,1780391749144,1780391749405,143,8,261,412
50,67,bottleneck_50_67_1780391749113_142764,success,,e8834c7711e554c91c0fe834dc536e6232657c955ee19fb7538d674058cace4f,1780391749113,1780391749139,1780391749146,1780391749405,26,7,259,292
50,63,bottleneck_50_63_1780391749032_157116,success,,0f874e9ce51932c2129f5d4f5492f31888a0bf3d55f347de67c9189e01195016,1780391749032,1780391749142,1780391749147,1780391749405,110,5,258,373
50,66,bottleneck_50_66_1780391749092_155535,success,,0816ddcd6270050aa8a38bbd51be51c81ba00c9a492a1d33bcdf6749cfcc5272,1780391749092,1780391749140,1780391749148,1780391749405,48,8,257,313
50,62,bottleneck_50_62_1780391749013_522391,success,,aee243204767ddbb2faf736567a8c34be77dbd0ae705af2e0aa6ebc626ede728,1780391749013,1780391749143,1780391749152,1780391749405,130,9,253,392
50,64,bottleneck_50_64_1780391749052_604248,success,,e9312f3c79821205e53223a0550289b03160b15254f7d3d2615d5eebeabe0c12,1780391749052,1780391749145,1780391749155,1780391749405,93,10,250,353
50,68,bottleneck_50_68_1780391749131_178048,success,,903929c9a072e7149c62d0ff60ed0bb2fe8bcbdf3e1fead6c251552002a31d05,1780391749131,1780391749157,1780391749162,1780391749405,26,5,243,274
50,75,bottleneck_50_75_1780391749273_314776,success,,48b786505ba716253a74813d9f31d4728a1bd3ce625a8b324919e2e3d20c22d4,1780391749273,1780391749302,1780391749308,1780391749489,29,6,181,216
50,71,bottleneck_50_71_1780391749193_267684,success,,0f146b3678e00e38219dce2507fb987ac92e2223cc4e0ac18de37c120f881705,1780391749193,1780391749211,1780391749215,1780391749489,18,4,274,296
50,70,bottleneck_50_70_1780391749172_938318,success,,aff47be68c6dd888cda329b0270bc348a13eff506ef0367e8f4651273f8948ce,1780391749172,1780391749186,1780391749198,1780391749490,14,12,292,318
50,72,bottleneck_50_72_1780391749212_309086,success,,c41ca4854c297acf17c7938829de29c20f97940a195f7719ca4c69679538d84d,1780391749212,1780391749230,1780391749238,1780391749490,18,8,252,278
50,76,bottleneck_50_76_1780391749292_783388,success,,466a94678d9d856ac97bf41cbd1e6787d0993fd9be96ad833474713e95e66ad0,1780391749292,1780391749324,1780391749330,1780391749490,32,6,160,198
50,74,bottleneck_50_74_1780391749252_949794,success,,5abbb63a197e770cbaf6b9cdd16a889c27d81641444bd87ab7ad029b9ea85a90,1780391749252,1780391749303,1780391749310,1780391749490,51,7,180,238
50,81,bottleneck_50_81_1780391749392_606370,success,,3e46279c7fcb19369e8cc4c4c90d313fa8d79688c6e3e50af8132369ecd78b3b,1780391749392,1780391749417,1780391749424,1780391749490,25,7,66,98
50,77,bottleneck_50_77_1780391749312_625235,success,,97f2066609f897fc8c5608ec94a39ebf6531d45ea222cbc26a17e1967ea62687,1780391749312,1780391749336,1780391749346,1780391749490,24,10,144,178
50,78,bottleneck_50_78_1780391749332_422984,success,,3e444c1ce0d66d462c4a0e2dc7c81533b5f0c495ab6dfd785f0d15d413449019,1780391749332,1780391749342,1780391749347,1780391749490,10,5,143,158
50,73,bottleneck_50_73_1780391749232_266240,success,,ba6ddf92f56c5188ac00f15ab89e24ca28c112240da7a2ea2277b75fd0a08abc,1780391749232,1780391749286,1780391749299,1780391749490,54,13,191,258
50,80,bottleneck_50_80_1780391749372_776001,success,,16fa9c3740e75a02928ff75e664df0d1d9361d1561cfa874fd2730150aae5859,1780391749372,1780391749420,1780391749427,1780391749646,48,7,219,274
50,79,bottleneck_50_79_1780391749352_920682,success,,854313822ef420754b4707df6071d13eb4021a1cb3394e3670b02e718bf61014,1780391749352,1780391749422,1780391749430,1780391749646,70,8,216,294
50,89,bottleneck_50_89_1780391749552_191110,success,,e0aac6eb459a68020eb6965d798865b20c8d052acf8cb0e1f3d71d79991e35d7,1780391749552,1780391749563,1780391749568,1780391749646,11,5,78,94
50,82,bottleneck_50_82_1780391749412_322429,success,,ce1644f32f08abd17b820c57e8ea9c1e0ceeb385b6e24be3c5b29b2a9aae244a,1780391749412,1780391749428,1780391749433,1780391749646,16,5,213,234
50,83,bottleneck_50_83_1780391749432_690218,success,,9af71350ee2cfc05ee19fb5d108f37db495a21014a7e4118ea0e468c02617fe7,1780391749432,1780391749454,1780391749458,1780391749647,22,4,189,215
50,84,bottleneck_50_84_1780391749452_654312,success,,2e2711bc56d300d6a6c19e59416979705b4c5bd42f21b37a8b316aa06c513467,1780391749452,1780391749480,1780391749483,1780391749647,28,3,164,195
50,85,bottleneck_50_85_1780391749472_161289,success,,3c5446446d8c035f68ba77839395547ab0a247a572516afd71d5eb8f4c361461,1780391749472,1780391749495,1780391749498,1780391749647,23,3,149,175
50,86,bottleneck_50_86_1780391749492_629659,success,,d18f62e6bdc48006d74c6ebca89b3ec7550dc67643d8db3633fec75cd0f6cdf7,1780391749493,1780391749499,1780391749502,1780391749647,6,3,145,154
50,87,bottleneck_50_87_1780391749512_828010,success,,ed0ffac840e7f44f6539a563e432c42bf2c6b9d2cd025ac5093e134091cbfc18,1780391749512,1780391749521,1780391749525,1780391749647,9,4,122,135
50,88,bottleneck_50_88_1780391749532_473077,success,,0ea6fa5336b4fba029932589723e9ee2e508e35769d3bfbc34408275f50ebb48,1780391749532,1780391749542,1780391749546,1780391749647,10,4,101,115
50,99,bottleneck_50_99_1780391749752_870925,success,,62822d9cd60197beee8781a81a260b8c55788acadf98157f6880175a2c0e7368,1780391749752,1780391749759,1780391749761,1780391749819,7,2,58,67
50,90,bottleneck_50_90_1780391749572_597405,success,,bfc875652a9fe5e9b7818765a426ae6a707af2e2ae4d3743e517ce567eb6e7cf,1780391749572,1780391749579,1780391749586,1780391749819,7,7,233,247
50,91,bottleneck_50_91_1780391749592_720914,success,,76a97a08b17484c0d68d8966b2df3b19bf763a9a9decfdf3110cd9b5ef7517f5,1780391749592,1780391749616,1780391749622,1780391749822,24,6,200,230
50,92,bottleneck_50_92_1780391749612_856377,success,,6d97be63e700138e1d3412a02b0a64f33c860d0b7a038795d8f88a1b88eb3596,1780391749612,1780391749624,1780391749631,1780391749822,12,7,191,210
50,93,bottleneck_50_93_1780391749631_713939,success,,985ada48e53b9a19b4d63b556f1a4aba21a1563e2825963b5fb8e80cc3fd12c0,1780391749632,1780391749649,1780391749655,1780391749822,17,6,167,190
50,94,bottleneck_50_94_1780391749652_380840,success,,9db0eec97ec4b6696ce2136ebeed04e009857c46fc4d8b096c7d89c9f38e3649,1780391749652,1780391749663,1780391749665,1780391749822,11,2,157,170
50,95,bottleneck_50_95_1780391749672_373265,success,,1f2bcd7d170c14594c18983a4aa2016b509fbdfb338bcc85a429a4f251c80606,1780391749672,1780391749680,1780391749687,1780391749822,8,7,135,150
50,96,bottleneck_50_96_1780391749692_982839,success,,9b0c392a06af13a58fa3f6f509b03e6ef0bf1c59bbbca50147c9e12cec76a940,1780391749692,1780391749699,1780391749705,1780391749822,7,6,117,130
50,97,bottleneck_50_97_1780391749713_321637,success,,8e351057404a4fd9d00b503ad68edd1498b3571a9d2b41cdda8447aa780819d4,1780391749713,1780391749721,1780391749725,1780391749822,8,4,97,109
50,98,bottleneck_50_98_1780391749733_548057,success,,3b363e0eed638d0ea5f2c89a7e985e00e423e4a7e18db0d382ed9b03431f507d,1780391749733,1780391749743,1780391749747,1780391749822,10,4,75,89
50,109,bottleneck_50_109_1780391749952_255303,success,,7625a004eb53063d3e839dd32d7dbc5923438a7648ad6aef2331d327a6a04abd,1780391749952,1780391749963,1780391749968,1780391750024,11,5,56,72
50,100,bottleneck_50_100_1780391749772_999715,success,,d6935c1f366c53b4fcb3629ba1abd2d66cd943f57853b0a43fd749bf2ec56739,1780391749772,1780391749791,1780391749796,1780391750025,19,5,229,253
50,101,bottleneck_50_101_1780391749793_449789,success,,d073a309e77500da9f7f190d5160d12fbe7b129eaf9107c8e7c315a997c4e5d5,1780391749793,1780391749822,1780391749825,1780391750025,29,3,200,232
50,102,bottleneck_50_102_1780391749812_978493,success,,9a8d52c872312d9435c7923412a6d21c327dc52a92acc3d57fa8c9b26d7420f4,1780391749812,1780391749833,1780391749838,1780391750025,21,5,187,213
50,103,bottleneck_50_103_1780391749834_951178,success,,ca34359a011c7cb3436ef89e0a69dfac6e18886684a4dac9024f83a341ff4dc4,1780391749834,1780391749843,1780391749846,1780391750025,9,3,179,191
50,104,bottleneck_50_104_1780391749852_6640,success,,1cb5500c78aaca9ba729d1983b4ef38999ef57cdd3976f8ab2b9d0109392f727,1780391749852,1780391749860,1780391749865,1780391750025,8,5,160,173
50,105,bottleneck_50_105_1780391749872_645204,success,,e6c3946ed8ed8c3b454f4693b4321982fbbf0417572e07def480b98d3320d743,1780391749872,1780391749878,1780391749882,1780391750025,6,4,143,153
50,106,bottleneck_50_106_1780391749893_278266,success,,49cc968c120cf19f2e5580d332e22baa10a1fbcd85b06e1b840757149d771677,1780391749893,1780391749901,1780391749904,1780391750025,8,3,121,132
50,107,bottleneck_50_107_1780391749911_205753,success,,c3cd39c7844bc1ba7a78dd3b5faac5a47d6a2fd2d23c6b203fb6448c19c04dcc,1780391749911,1780391749920,1780391749923,1780391750025,9,3,102,114
50,108,bottleneck_50_108_1780391749932_363898,success,,79df3724366efefdd36a09e28bb5cc5ab2713ffbbaf167156106c873c0afa196,1780391749932,1780391749940,1780391749944,1780391750025,8,4,81,93
50,119,bottleneck_50_119_1780391750152_63507,success,,9ca43b2ad0b32570b910154755d38fcbadd48a6c67be56f9cd6a44fff5ad6f79,1780391750152,1780391750163,1780391750166,1780391750189,11,3,23,37
50,110,bottleneck_50_110_1780391749973_397792,success,,11ea24658bc08b29838534c2f9080177d1161d2e3f7e0536e94471b2d068147c,1780391749973,1780391749984,1780391749995,1780391750189,11,11,194,216
50,111,bottleneck_50_111_1780391749992_342456,success,,4b6f6c9f198b827552ae0c486085de4396b497ba308b00fc018a20c29a6f06fa,1780391749992,1780391750023,1780391750028,1780391750189,31,5,161,197
50,112,bottleneck_50_112_1780391750012_816603,success,,42f084c568f7ac1e41bdff2435c82b1fe5ff7ac0be9e9a4a248a0c588b400514,1780391750012,1780391750030,1780391750032,1780391750190,18,2,158,178
50,115,bottleneck_50_115_1780391750072_140372,success,,4bc89c0812bdce016ea682d101a30748c32df0da1c9b0be655dd7c48cd740f08,1780391750072,1780391750082,1780391750085,1780391750190,10,3,105,118
50,113,bottleneck_50_113_1780391750034_673566,success,,4bcbe9fa8e798da540f5b91b77a524365f4cda80f494d80c65857584406be8df,1780391750034,1780391750043,1780391750046,1780391750190,9,3,144,156
50,114,bottleneck_50_114_1780391750052_529757,success,,bb503d4dd26a59680cb7e1b87859af498842e7b412dee5530bb80a460a114752,1780391750052,1780391750061,1780391750065,1780391750190,9,4,125,138
50,117,bottleneck_50_117_1780391750112_3626,success,,47241910496320504d73882aca3a6088eec69ec8df9ca497f9f7ff4351cc0540,1780391750112,1780391750129,1780391750136,1780391750190,17,7,54,78
50,118,bottleneck_50_118_1780391750132_623676,success,,8a74c616d46c1fb3485dd4058b117652c1cec032d8a32c1c45f05d48392db4b0,1780391750132,1780391750149,1780391750153,1780391750190,17,4,37,58
50,116,bottleneck_50_116_1780391750092_324919,success,,5252bc79a823be645c366e3b5e0bc6dc195877fe3c1fbda476bb5ddca4ae3341,1780391750092,1780391750102,1780391750107,1780391750190,10,5,83,98
50,129,bottleneck_50_129_1780391750352_882818,success,,577799363d163720edcb1cfd80d5e3eaffb39798b4bfa350e4383ca4d2d4cb06,1780391750352,1780391750358,1780391750361,1780391750391,6,3,30,39
50,124,bottleneck_50_124_1780391750252_409658,success,,21890f591b749f57f9a8df39875535439f6fe65e4f7efc22538af0045c97fc08,1780391750252,1780391750259,1780391750262,1780391750391,7,3,129,139
50,125,bottleneck_50_125_1780391750272_995711,success,,1ddf4e7d86d9dcf6c05388b5bf1178d0aed631b332ebdd07b7ef14d4d9b391ec,1780391750272,1780391750278,1780391750280,1780391750391,6,2,111,119
50,126,bottleneck_50_126_1780391750292_311163,success,,5e9520b114ab8f3a2469603b3bd3ee62b9280689df4d5c64139953a82ba43989,1780391750292,1780391750297,1780391750300,1780391750391,5,3,91,99
50,127,bottleneck_50_127_1780391750312_506949,success,,758a83f5224304f924ddec76e56b1f075f5172aef8e2f7593b5aad773980691a,1780391750312,1780391750319,1780391750321,1780391750391,7,2,70,79
50,128,bottleneck_50_128_1780391750333_741026,success,,6ad66156da61fe83b002909321d1a97e9ff11c2f49ab212b296c0063347d68c6,1780391750333,1780391750339,1780391750342,1780391750391,6,3,49,58
50,121,bottleneck_50_121_1780391750192_230741,success,,c38fb15b4b148b1f0238ffa504b1622ede00a156a70913bfde7a8766dc44f899,1780391750193,1780391750209,1780391750212,1780391750391,16,3,179,198
50,120,bottleneck_50_120_1780391750172_149537,success,,5153d3a8432f9e5f9fd797ffa673b4cabd16991f7635cf8ffaa9ccc9c1aae36c,1780391750172,1780391750188,1780391750192,1780391750391,16,4,199,219
50,122,bottleneck_50_122_1780391750214_374538,success,,fb653bba1690f3d2ebe8c6e7ce4ee7fe0f0cf91c5102cda8fcb70bcae9a7688f,1780391750214,1780391750221,1780391750225,1780391750391,7,4,166,177
50,123,bottleneck_50_123_1780391750232_488117,success,,caf24c1f4e70ebcc00089f67d7a33e827ff0f60daab1533107290d821018ffe9,1780391750232,1780391750239,1780391750244,1780391750391,7,5,147,159
50,139,bottleneck_50_139_1780391750552_313686,success,,ac91ca8aa3d0a8352e19d71a111dc949be248dc67309e982749e5221f7085545,1780391750552,1780391750561,1780391750565,1780391750582,9,4,17,30
50,134,bottleneck_50_134_1780391750452_44668,success,,4567ec694cdbb8ace73ca0d63b1354380cda01f2ed7a7dac80c580ec790a28b1,1780391750452,1780391750459,1780391750465,1780391750582,7,6,117,130
50,130,bottleneck_50_130_1780391750372_624969,success,,d9da4e854f0bcdecef008c7d009e05724c9c301cbee624c98415737b99b38d90,1780391750372,1780391750389,1780391750394,1780391750582,17,5,188,210
50,135,bottleneck_50_135_1780391750472_438316,success,,89de9409f24fffe16d4fe22713596d83cd210c13fcbc3b3b513aabf597d78c8c,1780391750472,1780391750478,1780391750482,1780391750583,6,4,101,111
50,131,bottleneck_50_131_1780391750392_214092,success,,62925642a57123521d90a6ceb1fc374ed61386b149bf1d4604a5c333295e9baf,1780391750392,1780391750401,1780391750404,1780391750583,9,3,179,191
50,136,bottleneck_50_136_1780391750492_440819,success,,b796e29cd4e330020b2d6728bed113a13f364e21bfa86d73c9126f12639fbada,1780391750492,1780391750500,1780391750504,1780391750583,8,4,79,91
50,137,bottleneck_50_137_1780391750512_992846,success,,291f6b76b236bd68f549b92e97dc4073e106bb5a72a1e62d428dea9d27971901,1780391750512,1780391750519,1780391750523,1780391750583,7,4,60,71
50,133,bottleneck_50_133_1780391750432_417376,success,,fcccbc498d5abf8b94004c5382776d0eda45b834a8ddd15bc16b23793bab4c7e,1780391750432,1780391750441,1780391750443,1780391750583,9,2,140,151
50,132,bottleneck_50_132_1780391750412_727457,success,,5299c7eb92d7192c6c99fbfdf9a8f00546d9a659857f2c8b040a16e0e290a2e0,1780391750412,1780391750422,1780391750425,1780391750583,10,3,158,171
50,138,bottleneck_50_138_1780391750531_627919,success,,5f26d735a57c13bc5d24b3d511ddf07d5323465ffa245f70efaaa8f5e34c2276,1780391750531,1780391750538,1780391750542,1780391750583,7,4,41,52
50,149,bottleneck_50_149_1780391750752_832094,success,,299d7bbab9bf92279d940e2af0d8779172658066c4194e852f50f4de2e2299c3,1780391750752,1780391750760,1780391750763,1780391750797,8,3,34,45
50,140,bottleneck_50_140_1780391750573_619349,success,,057cf3f37d1706732a3166def19d3e5fd58344f718ee223ec635097ec141252e,1780391750573,1780391750586,1780391750591,1780391750797,13,5,206,224
50,141,bottleneck_50_141_1780391750593_922155,success,,d1450a744fe97f9d816be8dffc19b0f92544fb445ab80ffa7f2d9d1ff2265d8f,1780391750593,1780391750599,1780391750604,1780391750797,6,5,193,204
50,142,bottleneck_50_142_1780391750612_47587,success,,305c973eef2c543212e1a4ef352b51c70c6e7488a7bd7d1f3e45e5c806bffd10,1780391750612,1780391750620,1780391750623,1780391750797,8,3,174,185
50,143,bottleneck_50_143_1780391750632_904125,success,,3b738acb671d2d135d09fcb52c1f9b07b0110a04d6862ef698b601992779eb56,1780391750632,1780391750638,1780391750642,1780391750797,6,4,155,165
50,144,bottleneck_50_144_1780391750652_127830,success,,cfbc657b84e14519e36954a2f5e7093aea726ddb5771c1d3d5e50ca075995598,1780391750652,1780391750658,1780391750661,1780391750797,6,3,136,145
50,145,bottleneck_50_145_1780391750672_353572,success,,2ec582ca7c65c0b1568a26088cadd04c42c465d8426d20693ee38da5130c9e94,1780391750672,1780391750682,1780391750688,1780391750797,10,6,109,125
50,146,bottleneck_50_146_1780391750692_79593,success,,285215333f1c2536dbddc3de837bc75100920f467924b7c9be6fd7870b916803,1780391750692,1780391750702,1780391750707,1780391750797,10,5,90,105
50,147,bottleneck_50_147_1780391750712_927805,success,,c7856ebbb0c71f6311f3819c337d38e7723b0dabd4e1e0ecb6ac35a25ad7d64a,1780391750712,1780391750720,1780391750723,1780391750797,8,3,74,85
50,148,bottleneck_50_148_1780391750733_243445,success,,aef3fdc9ac1af2b3d8f3db7a685e0adfb4d99b034a1febb6668cc1eac371a586,1780391750733,1780391750744,1780391750748,1780391750797,11,4,49,64
50,159,bottleneck_50_159_1780391750952_887063,success,,34a3747ed2d81d38afe9c8e235711fcd1d3e7ae684a80d49179d03e86b4b7221,1780391750952,1780391750961,1780391750965,1780391750997,9,4,32,45
50,150,bottleneck_50_150_1780391750772_163203,success,,f0a1c0d80c7cc3030fbea99db7e65be2465fb348b88b4baf89f97c0e6eb9dfde,1780391750772,1780391750784,1780391750788,1780391750997,12,4,209,225
50,157,bottleneck_50_157_1780391750912_18391,success,,fa3fac976e3572b6ad81dcede6105efdbf5bdd30d2bd9e146f6492d0843c38e6,1780391750912,1780391750922,1780391750925,1780391750997,10,3,72,85
50,158,bottleneck_50_158_1780391750932_830642,success,,57b3dce34ab12b2d3fd9b003372e14ad4f544a5fd25b03dd8f3ac9b15382cf58,1780391750932,1780391750942,1780391750945,1780391750997,10,3,52,65
50,155,bottleneck_50_155_1780391750872_715393,success,,decacd35718acae3e6f06d1af6031915a7cac1642275942edabd147504847b7c,1780391750872,1780391750883,1780391750889,1780391750997,11,6,108,125
50,156,bottleneck_50_156_1780391750892_352367,success,,1ec3b6e50b64606d51131d68d7f970d8fd72e7be6b93a7122c622fbbad1d88d7,1780391750892,1780391750899,1780391750905,1780391750997,7,6,92,105
50,151,bottleneck_50_151_1780391750792_35803,success,,99d0e931e439003fde0183f368070c0e09b481ada521b6a7277ee10a7503d655,1780391750792,1780391750801,1780391750805,1780391750997,9,4,192,205
50,152,bottleneck_50_152_1780391750812_564884,success,,62c3191eacbd02d4c75f940e5c9c24fcc61d03bc3cb0b3ba4b855cfc3c376888,1780391750812,1780391750819,1780391750824,1780391750997,7,5,173,185
50,153,bottleneck_50_153_1780391750832_31669,success,,cb284ca7d1064545429eba6e78d8ca39582ac778395d42fb4b21e9922b7b3ef6,1780391750832,1780391750840,1780391750842,1780391750997,8,2,155,165
50,154,bottleneck_50_154_1780391750852_238518,success,,b7f8d93bde5e84df521c6866696d730acb3e4dc6149538bfcaead9bbc53622b0,1780391750852,1780391750859,1780391750864,1780391750997,7,5,133,145
50,169,bottleneck_50_169_1780391751153_515411,success,,f603309f86f668490bae3dc5061ac5422bba31b0074b32eefaa36bd819812a9a,1780391751153,1780391751162,1780391751165,1780391751203,9,3,38,50
50,164,bottleneck_50_164_1780391751052_465778,success,,35ffdfc33613b7fdce38d61b5266d7640e48a324d15b33a7f95d2250f46fa839,1780391751052,1780391751059,1780391751063,1780391751203,7,4,140,151
50,167,bottleneck_50_167_1780391751113_252015,success,,e2535cc5a6f847bee60a8309b90a3c409bba09a038e5b825ae00326f4f699d9b,1780391751113,1780391751122,1780391751126,1780391751203,9,4,77,90
50,168,bottleneck_50_168_1780391751132_299350,success,,a9c1fafce9b644037f39978c3f8146d0765abfe53469bb9902d574e60de4706c,1780391751132,1780391751143,1780391751146,1780391751203,11,3,57,71
50,165,bottleneck_50_165_1780391751072_438517,success,,c6de0a533094630450fe691f4aa060c58f48d5697beb665a991da028ff74b7fa,1780391751072,1780391751082,1780391751086,1780391751203,10,4,117,131
50,166,bottleneck_50_166_1780391751092_794884,success,,e4a9ffeb1310aadd393ef6b7e81caf4518221313ef2878f936581c0d4385cc71,1780391751092,1780391751101,1780391751105,1780391751203,9,4,98,111
50,160,bottleneck_50_160_1780391750973_322072,success,,658875a207ef228be66ef652f151b61d9bcdbcf643fca4b75f481aae0e6bbb87,1780391750973,1780391750980,1780391750985,1780391751203,7,5,218,230
50,162,bottleneck_50_162_1780391751013_68019,success,,76f668d0deae23d2e5820bd76288a0d5e79f35658825fc00f658d02104b87807,1780391751013,1780391751020,1780391751024,1780391751204,7,4,180,191
50,161,bottleneck_50_161_1780391750992_756517,success,,df9eb512c83e05eff1ebefca8cd0d6f99400893ad2ac49ae8b3dfc88c04d93a6,1780391750992,1780391751001,1780391751005,1780391751204,9,4,199,212
50,163,bottleneck_50_163_1780391751032_956617,success,,fc400a38dfbc7de39b8373cf5ca2551c8c0df6be75e1ba1ee7cf1cfd37f31712,1780391751032,1780391751040,1780391751042,1780391751204,8,2,162,172
50,179,bottleneck_50_179_1780391751352_467880,success,,f4b8dfdf2daae99ff9004e4bb35e42afd53ff5c215ea5dcd0a504f509d19cec0,1780391751352,1780391751359,1780391751362,1780391751397,7,3,35,45
50,170,bottleneck_50_170_1780391751172_131556,success,,c1cd875da29ed6279b604639d0e54566488536daf81cdf13d7860e14595f7c09,1780391751172,1780391751177,1780391751179,1780391751397,5,2,218,225
50,171,bottleneck_50_171_1780391751192_856808,success,,f37a2bc0b6315c49822e0b13c375037a9afb1218dd3f5c7b01b55ce269b3e1f2,1780391751192,1780391751208,1780391751211,1780391751397,16,3,186,205
50,178,bottleneck_50_178_1780391751333_154554,success,,d64fd12a0096edce4e6dc6e59b5e9a391ed3b46ae789e703f48d894e9d2af8c2,1780391751333,1780391751339,1780391751342,1780391751397,6,3,55,64
50,177,bottleneck_50_177_1780391751312_428071,success,,6cda3b67c2c2610a7b0d96ffb831843e8d15d12665566949a41c1d584d6f4b55,1780391751312,1780391751318,1780391751321,1780391751397,6,3,76,85
50,176,bottleneck_50_176_1780391751293_935622,success,,29d700bdb9cd6b6b0c4cafe004d1933b79e3a08d5155d3293e15e0b173ca4494,1780391751293,1780391751299,1780391751304,1780391751397,6,5,93,104
50,173,bottleneck_50_173_1780391751232_948924,success,,f8479291b34083d1746a426c5edda446f61e559dd3fde9e07e7745a4de8f1cc0,1780391751232,1780391751240,1780391751243,1780391751397,8,3,154,165
50,172,bottleneck_50_172_1780391751212_663947,success,,b98ca107f57e1835e5f557615eedfeb1eb215cb028bbb5ad01765d9271c83a5c,1780391751212,1780391751219,1780391751225,1780391751398,7,6,173,186
50,174,bottleneck_50_174_1780391751252_997179,success,,fedfcfcc63690113ca8d1db2aedee7ff89fb8328d9634bd28c1200bef41208b4,1780391751252,1780391751264,1780391751268,1780391751398,12,4,130,146
50,175,bottleneck_50_175_1780391751272_93043,success,,474157311e70bd7bd86f2089b5b31f4312899c1df226d06440f448a44a9bb912,1780391751272,1780391751279,1780391751284,1780391751398,7,5,114,126
50,189,bottleneck_50_189_1780391751552_394277,success,,dcb8a310b2c84e9003c7ce50be7bbccc8475e4727bd36a3e114a138c01407fa0,1780391751552,1780391751559,1780391751563,1780391751600,7,4,37,48
50,180,bottleneck_50_180_1780391751372_798522,success,,41e57f697f52b41b492dcc68539d9c28ab7fe5ba3e0cdefacec400eeefcf861a,1780391751372,1780391751382,1780391751387,1780391751600,10,5,213,228
50,184,bottleneck_50_184_1780391751453_963544,success,,9070f372721882f32361173add4ea3d33c4965ff057b41556fb3cc1291a5f46c,1780391751453,1780391751465,1780391751469,1780391751600,12,4,131,147
50,185,bottleneck_50_185_1780391751473_716919,success,,1b5e7282ae1944b29cf7962c4514ffed4fe6f7b42e35dff2efafdba7f3e434e5,1780391751473,1780391751479,1780391751483,1780391751600,6,4,117,127
50,186,bottleneck_50_186_1780391751491_203333,success,,eaf8843864711a9197796688ec3d46896d2e0f9bd730da6ffefb3b6be7e40d8c,1780391751491,1780391751499,1780391751504,1780391751600,8,5,96,109
50,182,bottleneck_50_182_1780391751412_159844,success,,41b1e1378764031852744937677168d1f0b9d6da65118860ec77faa0784c1978,1780391751412,1780391751423,1780391751426,1780391751600,11,3,174,188
50,181,bottleneck_50_181_1780391751391_270213,success,,3948f3d3e8f064cef1f2b89398e5202c037880f6a520e90c29d30a37194263eb,1780391751391,1780391751403,1780391751406,1780391751600,12,3,194,209
50,187,bottleneck_50_187_1780391751513_840803,success,,601a6183266a3813ca98eb900d5ab7eb6dd59ef6ca6739f8ad7d7dd3cd15802d,1780391751513,1780391751521,1780391751524,1780391751600,8,3,76,87
50,188,bottleneck_50_188_1780391751532_386947,success,,747028a23db9cea1ae32e0bbd78416522eee379e91e5cd2c3f29dee3435dd7c3,1780391751532,1780391751539,1780391751542,1780391751600,7,3,58,68
50,183,bottleneck_50_183_1780391751432_101361,success,,f49aae53f78136d1a3edb2f8d8fbbd5e2af6511e22fd82ec8cf7faffac2ba859,1780391751432,1780391751440,1780391751443,1780391751600,8,3,157,168
50,193,bottleneck_50_193_1780391751632_856115,success,,1553bd00523f3d78fe03f96683a679e94ab9f8515fbec9234aa19f3405c684c0,1780391751632,1780391751641,1780391751643,1780391751787,9,2,144,155
50,199,bottleneck_50_199_1780391751752_88009,success,,458a28c19db63c130599e68f705fa210cd73c51d442a96fc0d94cadea1fdc0ce,1780391751752,1780391751760,1780391751763,1780391751788,8,3,25,36
50,190,bottleneck_50_190_1780391751572_656652,success,,0c869c756737b2d27a402d43add5af4d708a36a90d975af303d8ac85ab3b0147,1780391751572,1780391751584,1780391751589,1780391751789,12,5,200,217
50,194,bottleneck_50_194_1780391751652_199454,success,,bdda8577e2acc0207f0c5ff58d8c0505a267e65f19241644f6c29955cef05a4b,1780391751652,1780391751660,1780391751662,1780391751789,8,2,127,137
50,191,bottleneck_50_191_1780391751592_873728,success,,b6c895eb9e1b01269a2b3b65a9af440b2c72b7511c3f362540ee852b46ccd26e,1780391751592,1780391751605,1780391751607,1780391751789,13,2,182,197
50,195,bottleneck_50_195_1780391751672_697240,success,,d7664fa73ab0bf0c3e8af4e918bd8a7d078bd8d64e989471495e62ab574cb669,1780391751672,1780391751679,1780391751681,1780391751789,7,2,108,117
50,192,bottleneck_50_192_1780391751612_625960,success,,58ec39d9a222c0972f74baa2c931ab627d9020c2a35354c3c44d8249c047631c,1780391751612,1780391751618,1780391751621,1780391751789,6,3,168,177
50,196,bottleneck_50_196_1780391751693_857103,success,,a8f95cfa0a807114449bfd2bd322c8d92c3dc2b6415e40de29853e6084c73a6e,1780391751693,1780391751699,1780391751705,1780391751789,6,6,84,96
50,198,bottleneck_50_198_1780391751732_987426,success,,f74d4ac9d84a358d8507777bb909431e448e563f48bcb1230db1307ac111f197,1780391751732,1780391751739,1780391751742,1780391751789,7,3,47,57
50,197,bottleneck_50_197_1780391751712_594387,success,,2651cf677503978928545e79abcc10e40e83cdb94fba224e7b5ceee9174e40a4,1780391751712,1780391751719,1780391751722,1780391751789,7,3,67,77
