target_tps,container,line_count,block_hits,validation_hits,queue_hits,timeout_hits
50,orderer.example.com,881,200,0,0,400
100,orderer.example.com,1761,400,0,0,800
150,orderer.example.com,2644,602,0,0,1200
200,orderer.example.com,3525,803,0,0,1600
250,orderer.example.com,4404,1002,0,0,2000
50,peer0.org1.example.com,2121,200,160,40,1200
100,peer0.org1.example.com,4241,400,320,80,2400
150,peer0.org1.example.com,6361,600,480,120,3600
200,peer0.org1.example.com,8481,800,640,160,4800
250,peer0.org1.example.com,10601,1000,800,200,6000
50,peer0.org2.example.com,921,200,160,40,400
100,peer0.org2.example.com,1841,400,320,80,800
150,peer0.org2.example.com,2761,600,480,120,1200
200,peer0.org2.example.com,3681,800,640,160,1600
250,peer0.org2.example.com,4601,1000,800,200,2000
